﻿Designator,Footprint,Quantity,Value,LCSC Part #
"C1, C10, C11, C12, C3, C9",0402,6,100nF,
"C13, C18, C30, C32",0402,4,0.47uF,
"C14, C19, C31, C33",0402,4,22uF,
C15,CP_Elec_5x4.5,1,33uF,
"C16, C17",0805,2,100nF,
"C2, C4, C5",0402,3,1µF,
"C20, C21",0402,2,470nF,
"C22, C23, C24",CP_Elec_6.3x5.7,3,150uF,
C25,0603,1,1uF,
C26,0805,1,220pF,
C27,0805,1,180pF,
"C28, C29",0805,2,22nF,
"C6, C7, C8",0402,3,0.1µF,
D1,DPAK229P990X238-3N,1,D_Schottky_Filled,
D2,DIOM6959X245N,1,D_Schottky_Filled,
J1,JST_PH_B2B-PH-K_1x02_P2.00mm_Vertical,1,i2c2,
J10,PinHeader_1x05_P2.00mm_Vertical,1,ZE27-O3,
J2,JST_PH_B2B-PH-K_1x02_P2.00mm_Vertical,1,i2c1,
J3,PinHeader_1x06_P2.54mm_Vertical,1,SPI1,
J4,PinHeader_1x06_P2.54mm_Vertical,1,SPI2,
J5,JST_PH_B2B-PH-K_1x02_P2.00mm_Vertical,1,m1,
J6,JST_PH_B2B-PH-K_1x02_P2.00mm_Vertical,1,Power Connector,
J7,JST_PH_B2B-PH-K_1x02_P2.00mm_Vertical,1,m2,
J8,JST_PH_B2B-PH-K_1x02_P2.00mm_Vertical,1,m3,
J9,JST_PH_B2B-PH-K_1x02_P2.00mm_Vertical,1,m4,
L1,L_Bourns_SRP1245A,1,6uH,
"Q1, Q2",TRANS_CSD15571Q2,2,CSD15571Q2,
"Q3, Q4",SOT-23,2,MMBT2222A,
"R1, R2, R3, R4",0805,4,1.8k,
R10,1206,1,20m,
R11,0402,1,10.5k,
"R12, R14, R15, R16, R17, R19",0402,6,1k,
R13,0402,1,3.24k,
R18,0402,1,2k,
R5,0603,1,4.7,
R6,0402,1,17.4k,
R7,0402,1,1M,
"R8, R9",0201,2,18.7k,
U1,PinSocket_2x20_P2.54mm_Vertical,1,~,
"U10, U12, U13, U9",DCY0004A_N,4,LM2940IMP-9.0/NOPB,
U11,Texas_PWP0020A,1,LM5118MH,
U2,XDCR_SGP41-D-R4,1,~,
U3,LGA-12_2x2mm_P0.5mm,1,~,
U4,HNNJ footprint,1,~,
U5,WSON8_DEH_TEX,1,~,
U6,SOIC127P600X175-8N,1,~,
"U7, U8",PQFN50P450X300X100-16N,2,~,
